{
    "BGS_BRIGHT_0": {
        "FMC": [
            5.9427664053038e-05,
            0.00010293173351499642,
            1,
            2,
            841359
        ],
        "g-r > -1": [
            0.0,
            0.0,
            0,
            0,
            841359
        ],
        "g-r < 4": [
            0.0,
            0.0,
            0,
            0,
            841359
        ],
        "r-z > -1": [
            0.0,
            0.0,
            0,
            0,
            841359
        ],
        "r-z < 4": [
            0.0,
            0.0,
            0,
            0,
            841359
        ],
        "r < 19.5": [
            0.005229634436667344,
            0.0005574809040877235,
            0,
            88,
            841359
        ],
        "r > 12": [
            0.0,
            0.0,
            0,
            0,
            841359
        ],
        "rfibtotmag > 15": [
            0.0,
            0.0,
            0,
            0,
            841359
        ],
        "absolute magnitude cuts": [
            0.9384816707255761,
            0.007468050177108705,
            0,
            15792,
            841359
        ],
        "tsnr_cut": [
            -0.000118855328106076,
            8.40434084839584e-05,
            2,
            0,
            841359
        ],
        "deltachi2_cut": [
            0.011410111498183296,
            0.0008234538681199713,
            0,
            192,
            841359
        ]
    },
    "BGS_BRIGHT_1": {
        "FMC": [
            -7.503789413653895e-05,
            7.503789413653895e-05,
            1,
            0,
            666330
        ],
        "g-r > -1": [
            0.0,
            0.0,
            0,
            0,
            666330
        ],
        "g-r < 4": [
            0.0,
            0.0,
            0,
            0,
            666330
        ],
        "r-z > -1": [
            0.0,
            0.0,
            0,
            0,
            666330
        ],
        "r-z < 4": [
            0.0,
            0.0,
            0,
            0,
            666330
        ],
        "r < 19.5": [
            0.06820944577011391,
            0.0022623645088291587,
            0,
            909,
            666330
        ],
        "r > 12": [
            0.0,
            0.0,
            0,
            0,
            666330
        ],
        "rfibtotmag > 15": [
            0.0,
            0.0,
            0,
            0,
            666330
        ],
        "absolute magnitude cuts": [
            1.5591373643690063,
            0.0108163942463209,
            0,
            20778,
            666330
        ],
        "tsnr_cut": [
            0.0,
            0.0,
            0,
            0,
            666330
        ],
        "deltachi2_cut": [
            0.013656896732850088,
            0.0010123165370936353,
            0,
            182,
            666330
        ]
    },
    "BGS_BRIGHT_2": {
        "FMC": [
            0.00011062485342206921,
            0.00011062485342206921,
            0,
            1,
            451978
        ],
        "g-r > -1": [
            0.0,
            0.0,
            0,
            0,
            451978
        ],
        "g-r < 4": [
            0.0,
            0.0,
            0,
            0,
            451978
        ],
        "r-z > -1": [
            0.0,
            0.0,
            0,
            0,
            451978
        ],
        "r-z < 4": [
            0.0,
            0.0,
            0,
            0,
            451978
        ],
        "r < 19.5": [
            0.9164162857484214,
            0.010068684982882135,
            0,
            8284,
            451978
        ],
        "r > 12": [
            0.0,
            0.0,
            0,
            0,
            451978
        ],
        "rfibtotmag > 15": [
            0.0,
            0.0,
            0,
            0,
            451978
        ],
        "absolute magnitude cuts": [
            1.3176526291102664,
            0.012073323028749267,
            0,
            11911,
            451978
        ],
        "tsnr_cut": [
            0.0,
            0.0,
            0,
            0,
            451978
        ],
        "deltachi2_cut": [
            0.022788719804946258,
            0.0015877653441547291,
            0,
            206,
            451978
        ]
    },
    "LRG_0": {
        "zfibertotmag > 17.5": [
            0.0,
            0.0,
            0,
            0,
            506911
        ],
        "non-stellar cut": [
            0.0,
            0.0,
            0,
            0,
            506911
        ],
        "faint limit": [
            0.06944019758892588,
            0.002617125917847827,
            0,
            704,
            506911
        ],
        "low-z cuts": [
            0.0,
            0.0,
            0,
            0,
            506911
        ],
        "double sliding cuts and high-z extension": [
            2.4211350710479747,
            0.01545356395176044,
            0,
            24546,
            506911
        ],
        "absolute magnitude cuts": [
            0.0,
            0.0,
            0,
            0,
            506911
        ],
        "tsnr_cut": [
            0.0,
            0.0,
            0,
            0,
            506911
        ],
        "deltachi2_cut": [
            0.03876420121086344,
            0.001955395286509763,
            0,
            393,
            506911
        ]
    },
    "LRG_1": {
        "zfibertotmag > 17.5": [
            0.0,
            0.0,
            0,
            0,
            771894
        ],
        "non-stellar cut": [
            0.0,
            0.0,
            0,
            0,
            771894
        ],
        "faint limit": [
            0.5152261839060803,
            0.005777036780050965,
            0,
            7954,
            771894
        ],
        "low-z cuts": [
            0.0,
            0.0,
            0,
            0,
            771894
        ],
        "double sliding cuts and high-z extension": [
            1.965425304510723,
            0.01128362784937656,
            1,
            30343,
            771894
        ],
        "absolute magnitude cuts": [
            0.0,
            0.0,
            0,
            0,
            771894
        ],
        "tsnr_cut": [
            0.0,
            0.0,
            0,
            0,
            771894
        ],
        "deltachi2_cut": [
            0.043075862747993895,
            0.001670410309994329,
            0,
            665,
            771894
        ]
    },
    "LRG_2": {
        "zfibertotmag > 17.5": [
            0.0,
            0.0,
            0,
            0,
            859822
        ],
        "non-stellar cut": [
            0.0,
            0.0,
            0,
            0,
            859822
        ],
        "faint limit": [
            2.3224574388652535,
            0.011621297192378564,
            0,
            39938,
            859822
        ],
        "low-z cuts": [
            0.0,
            0.0,
            0,
            0,
            859822
        ],
        "double sliding cuts and high-z extension": [
            0.48794983147674753,
            0.005326823558552751,
            0,
            8391,
            859822
        ],
        "absolute magnitude cuts": [
            0.0,
            0.0,
            0,
            0,
            859822
        ],
        "tsnr_cut": [
            -5.815157090653647e-05,
            5.815157090653647e-05,
            1,
            0,
            859822
        ],
        "deltachi2_cut": [
            0.05349944523401355,
            0.0017638244762407918,
            0,
            920,
            859822
        ]
    }
}