{
    "BGS_BRIGHT": {
        "simple_alphas": [
            0.9502483482080777,
            1.6133147239355876,
            2.1817433591900492
        ],
        "simple_alphas_error": [
            0.007516131284629928,
            0.011003226837374164,
            0.015535605534222735
        ],
        "alphas": [
            0.9448145147556948,
            1.621665528226147,
            2.1936544072086566
        ],
        "alphas_error": [
            0.008728978845956309,
            0.012722383558851873,
            0.017951851251234986
        ]
    },
    "LRG": {
        "simple_alphas": [
            2.5240130910554317,
            2.5082459508689015,
            2.846403092733147
        ],
        "simple_alphas_error": [
            0.01577847208943774,
            0.012746837370341572,
            0.01286582972396472
        ],
        "alphas": [
            2.552195849316893,
            2.5444974138882417,
            2.8795527821680156
        ],
        "alphas_error": [
            0.01823251204673041,
            0.014710103769388624,
            0.014845792971859633
        ]
    }
}